,location,city,country,utc,local,parameter,value,unit,latitude,longitude,attribution
0,"Vile Parle West, Mumbai - MPCB",Mumbai,IN,2020-06-22T23:30:00.000Z,2020-06-23T05:00:00+05:30,co,500.0,µg/m³,19.108610000000002,72.83622,"[{""name"":""Central Pollution Control Board"",""url"":""https://app.cpcbccr.com/ccr/#/caaqm-dashboard-all/caaqm-landing""}]"
1,"Vile Parle West, Mumbai - MPCB",Mumbai,IN,2020-06-22T23:30:00.000Z,2020-06-23T05:00:00+05:30,no2,19.41,µg/m³,19.108610000000002,72.83622,"[{""name"":""Central Pollution Control Board"",""url"":""https://app.cpcbccr.com/ccr/#/caaqm-dashboard-all/caaqm-landing""}]"
2,"Vile Parle West, Mumbai - MPCB",Mumbai,IN,2020-06-22T23:30:00.000Z,2020-06-23T05:00:00+05:30,pm10,32.5,µg/m³,19.108610000000002,72.83622,"[{""name"":""Central Pollution Control Board"",""url"":""https://app.cpcbccr.com/ccr/#/caaqm-dashboard-all/caaqm-landing""}]"
3,"Vile Parle West, Mumbai - MPCB",Mumbai,IN,2020-06-22T23:30:00.000Z,2020-06-23T05:00:00+05:30,o3,1.87,µg/m³,19.108610000000002,72.83622,"[{""name"":""Central Pollution Control Board"",""url"":""https://app.cpcbccr.com/ccr/#/caaqm-dashboard-all/caaqm-landing""}]"
4,"Vile Parle West, Mumbai - MPCB",Mumbai,IN,2020-06-22T23:30:00.000Z,2020-06-23T05:00:00+05:30,pm25,8.58,µg/m³,19.108610000000002,72.83622,"[{""name"":""Central Pollution Control Board"",""url"":""https://app.cpcbccr.com/ccr/#/caaqm-dashboard-all/caaqm-landing""}]"
5,"Vile Parle West, Mumbai - MPCB",Mumbai,IN,2020-06-22T23:30:00.000Z,2020-06-23T05:00:00+05:30,so2,6.23,µg/m³,19.108610000000002,72.83622,"[{""name"":""Central Pollution Control Board"",""url"":""https://app.cpcbccr.com/ccr/#/caaqm-dashboard-all/caaqm-landing""}]"
6,"Vile Parle West, Mumbai - MPCB",Mumbai,IN,2020-06-22T23:00:00.000Z,2020-06-23T04:30:00+05:30,co,430.0,µg/m³,19.108610000000002,72.83622,"[{""name"":""Central Pollution Control Board"",""url"":""https://app.cpcbccr.com/ccr/#/caaqm-dashboard-all/caaqm-landing""}]"
7,"Vile Parle West, Mumbai - MPCB",Mumbai,IN,2020-06-22T23:00:00.000Z,2020-06-23T04:30:00+05:30,o3,3.91,µg/m³,19.108610000000002,72.83622,"[{""name"":""Central Pollution Control Board"",""url"":""https://app.cpcbccr.com/ccr/#/caaqm-dashboard-all/caaqm-landing""}]"
8,"Vile Parle West, Mumbai - MPCB",Mumbai,IN,2020-06-22T23:00:00.000Z,2020-06-23T04:30:00+05:30,pm25,8.0,µg/m³,19.108610000000002,72.83622,"[{""name"":""Central Pollution Control Board"",""url"":""https://app.cpcbccr.com/ccr/#/caaqm-dashboard-all/caaqm-landing""}]"
9,"Vile Parle West, Mumbai - MPCB",Mumbai,IN,2020-06-22T23:00:00.000Z,2020-06-23T04:30:00+05:30,so2,7.02,µg/m³,19.108610000000002,72.83622,"[{""name"":""Central Pollution Control Board"",""url"":""https://app.cpcbccr.com/ccr/#/caaqm-dashboard-all/caaqm-landing""}]"
10,"Vile Parle West, Mumbai - MPCB",Mumbai,IN,2020-06-22T23:00:00.000Z,2020-06-23T04:30:00+05:30,no2,7.85,µg/m³,19.108610000000002,72.83622,"[{""name"":""Central Pollution Control Board"",""url"":""https://app.cpcbccr.com/ccr/#/caaqm-dashboard-all/caaqm-landing""}]"
11,"Vile Parle West, Mumbai - MPCB",Mumbai,IN,2020-06-22T23:00:00.000Z,2020-06-23T04:30:00+05:30,pm10,32.0,µg/m³,19.108610000000002,72.83622,"[{""name"":""Central Pollution Control Board"",""url"":""https://app.cpcbccr.com/ccr/#/caaqm-dashboard-all/caaqm-landing""}]"
12,"Vile Parle West, Mumbai - MPCB",Mumbai,IN,2020-06-22T22:45:00.000Z,2020-06-23T04:15:00+05:30,pm10,32.0,µg/m³,19.108610000000002,72.83622,"[{""name"":""Central Pollution Control Board"",""url"":""https://app.cpcbccr.com/ccr/#/caaqm-dashboard-all/caaqm-landing""}]"
13,"Vile Parle West, Mumbai - MPCB",Mumbai,IN,2020-06-22T22:45:00.000Z,2020-06-23T04:15:00+05:30,o3,6.94,µg/m³,19.108610000000002,72.83622,"[{""name"":""Central Pollution Control Board"",""url"":""https://app.cpcbccr.com/ccr/#/caaqm-dashboard-all/caaqm-landing""}]"
14,"Vile Parle West, Mumbai - MPCB",Mumbai,IN,2020-06-22T22:45:00.000Z,2020-06-23T04:15:00+05:30,pm25,8.0,µg/m³,19.108610000000002,72.83622,"[{""name"":""Central Pollution Control Board"",""url"":""https://app.cpcbccr.com/ccr/#/caaqm-dashboard-all/caaqm-landing""}]"
15,"Vile Parle West, Mumbai - MPCB",Mumbai,IN,2020-06-22T22:45:00.000Z,2020-06-23T04:15:00+05:30,co,370.0,µg/m³,19.108610000000002,72.83622,"[{""name"":""Central Pollution Control Board"",""url"":""https://app.cpcbccr.com/ccr/#/caaqm-dashboard-all/caaqm-landing""}]"
16,"Vile Parle West, Mumbai - MPCB",Mumbai,IN,2020-06-22T22:45:00.000Z,2020-06-23T04:15:00+05:30,so2,3.01,µg/m³,19.108610000000002,72.83622,"[{""name"":""Central Pollution Control Board"",""url"":""https://app.cpcbccr.com/ccr/#/caaqm-dashboard-all/caaqm-landing""}]"
17,"Vile Parle West, Mumbai - MPCB",Mumbai,IN,2020-06-22T22:45:00.000Z,2020-06-23T04:15:00+05:30,no2,6.37,µg/m³,19.108610000000002,72.83622,"[{""name"":""Central Pollution Control Board"",""url"":""https://app.cpcbccr.com/ccr/#/caaqm-dashboard-all/caaqm-landing""}]"
18,"Vile Parle West, Mumbai - MPCB",Mumbai,IN,2020-06-22T22:30:00.000Z,2020-06-23T04:00:00+05:30,pm25,8.71,µg/m³,19.108610000000002,72.83622,"[{""name"":""Central Pollution Control Board"",""url"":""https://app.cpcbccr.com/ccr/#/caaqm-dashboard-all/caaqm-landing""}]"
19,"Vile Parle West, Mumbai - MPCB",Mumbai,IN,2020-06-22T22:30:00.000Z,2020-06-23T04:00:00+05:30,no2,7.06,µg/m³,19.108610000000002,72.83622,"[{""name"":""Central Pollution Control Board"",""url"":""https://app.cpcbccr.com/ccr/#/caaqm-dashboard-all/caaqm-landing""}]"
20,"Vile Parle West, Mumbai - MPCB",Mumbai,IN,2020-06-22T22:30:00.000Z,2020-06-23T04:00:00+05:30,o3,5.67,µg/m³,19.108610000000002,72.83622,"[{""name"":""Central Pollution Control Board"",""url"":""https://app.cpcbccr.com/ccr/#/caaqm-dashboard-all/caaqm-landing""}]"
21,"Vile Parle West, Mumbai - MPCB",Mumbai,IN,2020-06-22T22:30:00.000Z,2020-06-23T04:00:00+05:30,co,340.0,µg/m³,19.108610000000002,72.83622,"[{""name"":""Central Pollution Control Board"",""url"":""https://app.cpcbccr.com/ccr/#/caaqm-dashboard-all/caaqm-landing""}]"
22,"Vile Parle West, Mumbai - MPCB",Mumbai,IN,2020-06-22T22:30:00.000Z,2020-06-23T04:00:00+05:30,so2,3.13,µg/m³,19.108610000000002,72.83622,"[{""name"":""Central Pollution Control Board"",""url"":""https://app.cpcbccr.com/ccr/#/caaqm-dashboard-all/caaqm-landing""}]"
23,"Vile Parle West, Mumbai - MPCB",Mumbai,IN,2020-06-22T22:30:00.000Z,2020-06-23T04:00:00+05:30,pm10,32.0,µg/m³,19.108610000000002,72.83622,"[{""name"":""Central Pollution Control Board"",""url"":""https://app.cpcbccr.com/ccr/#/caaqm-dashboard-all/caaqm-landing""}]"
24,"Vile Parle West, Mumbai - MPCB",Mumbai,IN,2020-06-22T21:15:00.000Z,2020-06-23T02:45:00+05:30,co,380.0,µg/m³,19.108610000000002,72.83622,"[{""name"":""Central Pollution Control Board"",""url"":""https://app.cpcbccr.com/ccr/#/caaqm-dashboard-all/caaqm-landing""}]"
25,"Vile Parle West, Mumbai - MPCB",Mumbai,IN,2020-06-22T21:15:00.000Z,2020-06-23T02:45:00+05:30,pm25,9.0,µg/m³,19.108610000000002,72.83622,"[{""name"":""Central Pollution Control Board"",""url"":""https://app.cpcbccr.com/ccr/#/caaqm-dashboard-all/caaqm-landing""}]"
26,"Vile Parle West, Mumbai - MPCB",Mumbai,IN,2020-06-22T21:15:00.000Z,2020-06-23T02:45:00+05:30,pm10,32.0,µg/m³,19.108610000000002,72.83622,"[{""name"":""Central Pollution Control Board"",""url"":""https://app.cpcbccr.com/ccr/#/caaqm-dashboard-all/caaqm-landing""}]"
27,"Vile Parle West, Mumbai - MPCB",Mumbai,IN,2020-06-22T21:15:00.000Z,2020-06-23T02:45:00+05:30,so2,2.65,µg/m³,19.108610000000002,72.83622,"[{""name"":""Central Pollution Control Board"",""url"":""https://app.cpcbccr.com/ccr/#/caaqm-dashboard-all/caaqm-landing""}]"
28,"Vile Parle West, Mumbai - MPCB",Mumbai,IN,2020-06-22T21:15:00.000Z,2020-06-23T02:45:00+05:30,no2,10.82,µg/m³,19.108610000000002,72.83622,"[{""name"":""Central Pollution Control Board"",""url"":""https://app.cpcbccr.com/ccr/#/caaqm-dashboard-all/caaqm-landing""}]"
29,"Vile Parle West, Mumbai - MPCB",Mumbai,IN,2020-06-22T21:15:00.000Z,2020-06-23T02:45:00+05:30,o3,3.7,µg/m³,19.108610000000002,72.83622,"[{""name"":""Central Pollution Control Board"",""url"":""https://app.cpcbccr.com/ccr/#/caaqm-dashboard-all/caaqm-landing""}]"
30,"Vile Parle West, Mumbai - MPCB",Mumbai,IN,2020-06-22T20:30:00.000Z,2020-06-23T02:00:00+05:30,pm25,4.73,µg/m³,19.108610000000002,72.83622,"[{""name"":""Central Pollution Control Board"",""url"":""https://app.cpcbccr.com/ccr/#/caaqm-dashboard-all/caaqm-landing""}]"
31,"Vile Parle West, Mumbai - MPCB",Mumbai,IN,2020-06-22T20:30:00.000Z,2020-06-23T02:00:00+05:30,no2,6.87,µg/m³,19.108610000000002,72.83622,"[{""name"":""Central Pollution Control Board"",""url"":""https://app.cpcbccr.com/ccr/#/caaqm-dashboard-all/caaqm-landing""}]"
32,"Vile Parle West, Mumbai - MPCB",Mumbai,IN,2020-06-22T20:30:00.000Z,2020-06-23T02:00:00+05:30,o3,5.2,µg/m³,19.108610000000002,72.83622,"[{""name"":""Central Pollution Control Board"",""url"":""https://app.cpcbccr.com/ccr/#/caaqm-dashboard-all/caaqm-landing""}]"
33,"Vile Parle West, Mumbai - MPCB",Mumbai,IN,2020-06-22T20:30:00.000Z,2020-06-23T02:00:00+05:30,pm10,37.5,µg/m³,19.108610000000002,72.83622,"[{""name"":""Central Pollution Control Board"",""url"":""https://app.cpcbccr.com/ccr/#/caaqm-dashboard-all/caaqm-landing""}]"
34,"Vile Parle West, Mumbai - MPCB",Mumbai,IN,2020-06-22T20:30:00.000Z,2020-06-23T02:00:00+05:30,co,510.0,µg/m³,19.108610000000002,72.83622,"[{""name"":""Central Pollution Control Board"",""url"":""https://app.cpcbccr.com/ccr/#/caaqm-dashboard-all/caaqm-landing""}]"
35,"Vile Parle West, Mumbai - MPCB",Mumbai,IN,2020-06-22T20:30:00.000Z,2020-06-23T02:00:00+05:30,so2,3.51,µg/m³,19.108610000000002,72.83622,"[{""name"":""Central Pollution Control Board"",""url"":""https://app.cpcbccr.com/ccr/#/caaqm-dashboard-all/caaqm-landing""}]"
36,"Vile Parle West, Mumbai - MPCB",Mumbai,IN,2020-06-22T20:15:00.000Z,2020-06-23T01:45:00+05:30,no2,7.6,µg/m³,19.108610000000002,72.83622,"[{""name"":""Central Pollution Control Board"",""url"":""https://app.cpcbccr.com/ccr/#/caaqm-dashboard-all/caaqm-landing""}]"
37,"Vile Parle West, Mumbai - MPCB",Mumbai,IN,2020-06-22T20:15:00.000Z,2020-06-23T01:45:00+05:30,pm10,43.0,µg/m³,19.108610000000002,72.83622,"[{""name"":""Central Pollution Control Board"",""url"":""https://app.cpcbccr.com/ccr/#/caaqm-dashboard-all/caaqm-landing""}]"
38,"Vile Parle West, Mumbai - MPCB",Mumbai,IN,2020-06-22T20:15:00.000Z,2020-06-23T01:45:00+05:30,pm25,3.0,µg/m³,19.108610000000002,72.83622,"[{""name"":""Central Pollution Control Board"",""url"":""https://app.cpcbccr.com/ccr/#/caaqm-dashboard-all/caaqm-landing""}]"
39,"Vile Parle West, Mumbai - MPCB",Mumbai,IN,2020-06-22T20:15:00.000Z,2020-06-23T01:45:00+05:30,o3,4.05,µg/m³,19.108610000000002,72.83622,"[{""name"":""Central Pollution Control Board"",""url"":""https://app.cpcbccr.com/ccr/#/caaqm-dashboard-all/caaqm-landing""}]"
40,"Vile Parle West, Mumbai - MPCB",Mumbai,IN,2020-06-22T20:15:00.000Z,2020-06-23T01:45:00+05:30,co,490.0,µg/m³,19.108610000000002,72.83622,"[{""name"":""Central Pollution Control Board"",""url"":""https://app.cpcbccr.com/ccr/#/caaqm-dashboard-all/caaqm-landing""}]"
41,"Vile Parle West, Mumbai - MPCB",Mumbai,IN,2020-06-22T20:15:00.000Z,2020-06-23T01:45:00+05:30,so2,3.56,µg/m³,19.108610000000002,72.83622,"[{""name"":""Central Pollution Control Board"",""url"":""https://app.cpcbccr.com/ccr/#/caaqm-dashboard-all/caaqm-landing""}]"
42,"Vile Parle West, Mumbai - MPCB",Mumbai,IN,2020-06-22T19:45:00.000Z,2020-06-23T01:15:00+05:30,no2,4.53,µg/m³,19.108610000000002,72.83622,"[{""name"":""Central Pollution Control Board"",""url"":""https://app.cpcbccr.com/ccr/#/caaqm-dashboard-all/caaqm-landing""}]"
43,"Vile Parle West, Mumbai - MPCB",Mumbai,IN,2020-06-22T19:45:00.000Z,2020-06-23T01:15:00+05:30,o3,4.7,µg/m³,19.108610000000002,72.83622,"[{""name"":""Central Pollution Control Board"",""url"":""https://app.cpcbccr.com/ccr/#/caaqm-dashboard-all/caaqm-landing""}]"
44,"Vile Parle West, Mumbai - MPCB",Mumbai,IN,2020-06-22T19:45:00.000Z,2020-06-23T01:15:00+05:30,co,500.0,µg/m³,19.108610000000002,72.83622,"[{""name"":""Central Pollution Control Board"",""url"":""https://app.cpcbccr.com/ccr/#/caaqm-dashboard-all/caaqm-landing""}]"
45,"Vile Parle West, Mumbai - MPCB",Mumbai,IN,2020-06-22T19:45:00.000Z,2020-06-23T01:15:00+05:30,so2,4.07,µg/m³,19.108610000000002,72.83622,"[{""name"":""Central Pollution Control Board"",""url"":""https://app.cpcbccr.com/ccr/#/caaqm-dashboard-all/caaqm-landing""}]"
46,"Vile Parle West, Mumbai - MPCB",Mumbai,IN,2020-06-22T19:45:00.000Z,2020-06-23T01:15:00+05:30,pm10,43.0,µg/m³,19.108610000000002,72.83622,"[{""name"":""Central Pollution Control Board"",""url"":""https://app.cpcbccr.com/ccr/#/caaqm-dashboard-all/caaqm-landing""}]"
47,"Vile Parle West, Mumbai - MPCB",Mumbai,IN,2020-06-22T19:45:00.000Z,2020-06-23T01:15:00+05:30,pm25,3.0,µg/m³,19.108610000000002,72.83622,"[{""name"":""Central Pollution Control Board"",""url"":""https://app.cpcbccr.com/ccr/#/caaqm-dashboard-all/caaqm-landing""}]"
48,"Vile Parle West, Mumbai - MPCB",Mumbai,IN,2020-06-22T18:00:00.000Z,2020-06-22T23:30:00+05:30,so2,6.19,µg/m³,19.108610000000002,72.83622,"[{""name"":""Central Pollution Control Board"",""url"":""https://app.cpcbccr.com/ccr/#/caaqm-dashboard-all/caaqm-landing""}]"
49,"Vile Parle West, Mumbai - MPCB",Mumbai,IN,2020-06-22T18:00:00.000Z,2020-06-22T23:30:00+05:30,pm10,65.0,µg/m³,19.108610000000002,72.83622,"[{""name"":""Central Pollution Control Board"",""url"":""https://app.cpcbccr.com/ccr/#/caaqm-dashboard-all/caaqm-landing""}]"
50,"Vile Parle West, Mumbai - MPCB",Mumbai,IN,2020-06-22T18:00:00.000Z,2020-06-22T23:30:00+05:30,co,540.0,µg/m³,19.108610000000002,72.83622,"[{""name"":""Central Pollution Control Board"",""url"":""https://app.cpcbccr.com/ccr/#/caaqm-dashboard-all/caaqm-landing""}]"
51,"Vile Parle West, Mumbai - MPCB",Mumbai,IN,2020-06-22T18:00:00.000Z,2020-06-22T23:30:00+05:30,pm25,6.0,µg/m³,19.108610000000002,72.83622,"[{""name"":""Central Pollution Control Board"",""url"":""https://app.cpcbccr.com/ccr/#/caaqm-dashboard-all/caaqm-landing""}]"
52,"Vile Parle West, Mumbai - MPCB",Mumbai,IN,2020-06-22T18:00:00.000Z,2020-06-22T23:30:00+05:30,o3,6.93,µg/m³,19.108610000000002,72.83622,"[{""name"":""Central Pollution Control Board"",""url"":""https://app.cpcbccr.com/ccr/#/caaqm-dashboard-all/caaqm-landing""}]"
53,"Vile Parle West, Mumbai - MPCB",Mumbai,IN,2020-06-22T18:00:00.000Z,2020-06-22T23:30:00+05:30,no2,4.64,µg/m³,19.108610000000002,72.83622,"[{""name"":""Central Pollution Control Board"",""url"":""https://app.cpcbccr.com/ccr/#/caaqm-dashboard-all/caaqm-landing""}]"
54,"Vile Parle West, Mumbai - MPCB",Mumbai,IN,2020-06-22T17:30:00.000Z,2020-06-22T23:00:00+05:30,co,480.0,µg/m³,19.108610000000002,72.83622,"[{""name"":""Central Pollution Control Board"",""url"":""https://app.cpcbccr.com/ccr/#/caaqm-dashboard-all/caaqm-landing""}]"
55,"Vile Parle West, Mumbai - MPCB",Mumbai,IN,2020-06-22T17:30:00.000Z,2020-06-22T23:00:00+05:30,pm10,55.0,µg/m³,19.108610000000002,72.83622,"[{""name"":""Central Pollution Control Board"",""url"":""https://app.cpcbccr.com/ccr/#/caaqm-dashboard-all/caaqm-landing""}]"
56,"Vile Parle West, Mumbai - MPCB",Mumbai,IN,2020-06-22T17:30:00.000Z,2020-06-22T23:00:00+05:30,pm25,5.3,µg/m³,19.108610000000002,72.83622,"[{""name"":""Central Pollution Control Board"",""url"":""https://app.cpcbccr.com/ccr/#/caaqm-dashboard-all/caaqm-landing""}]"
57,"Vile Parle West, Mumbai - MPCB",Mumbai,IN,2020-06-22T17:30:00.000Z,2020-06-22T23:00:00+05:30,o3,5.35,µg/m³,19.108610000000002,72.83622,"[{""name"":""Central Pollution Control Board"",""url"":""https://app.cpcbccr.com/ccr/#/caaqm-dashboard-all/caaqm-landing""}]"
58,"Vile Parle West, Mumbai - MPCB",Mumbai,IN,2020-06-22T17:30:00.000Z,2020-06-22T23:00:00+05:30,so2,6.9,µg/m³,19.108610000000002,72.83622,"[{""name"":""Central Pollution Control Board"",""url"":""https://app.cpcbccr.com/ccr/#/caaqm-dashboard-all/caaqm-landing""}]"
59,"Vile Parle West, Mumbai - MPCB",Mumbai,IN,2020-06-22T17:30:00.000Z,2020-06-22T23:00:00+05:30,no2,3.71,µg/m³,19.108610000000002,72.83622,"[{""name"":""Central Pollution Control Board"",""url"":""https://app.cpcbccr.com/ccr/#/caaqm-dashboard-all/caaqm-landing""}]"
60,"Vile Parle West, Mumbai - MPCB",Mumbai,IN,2020-06-22T16:30:00.000Z,2020-06-22T22:00:00+05:30,pm10,49.5,µg/m³,19.108610000000002,72.83622,"[{""name"":""Central Pollution Control Board"",""url"":""https://app.cpcbccr.com/ccr/#/caaqm-dashboard-all/caaqm-landing""}]"
61,"Vile Parle West, Mumbai - MPCB",Mumbai,IN,2020-06-22T16:30:00.000Z,2020-06-22T22:00:00+05:30,no2,4.07,µg/m³,19.108610000000002,72.83622,"[{""name"":""Central Pollution Control Board"",""url"":""https://app.cpcbccr.com/ccr/#/caaqm-dashboard-all/caaqm-landing""}]"
62,"Vile Parle West, Mumbai - MPCB",Mumbai,IN,2020-06-22T16:30:00.000Z,2020-06-22T22:00:00+05:30,o3,6.23,µg/m³,19.108610000000002,72.83622,"[{""name"":""Central Pollution Control Board"",""url"":""https://app.cpcbccr.com/ccr/#/caaqm-dashboard-all/caaqm-landing""}]"
63,"Vile Parle West, Mumbai - MPCB",Mumbai,IN,2020-06-22T16:30:00.000Z,2020-06-22T22:00:00+05:30,co,410.0,µg/m³,19.108610000000002,72.83622,"[{""name"":""Central Pollution Control Board"",""url"":""https://app.cpcbccr.com/ccr/#/caaqm-dashboard-all/caaqm-landing""}]"
64,"Vile Parle West, Mumbai - MPCB",Mumbai,IN,2020-06-22T16:30:00.000Z,2020-06-22T22:00:00+05:30,so2,8.07,µg/m³,19.108610000000002,72.83622,"[{""name"":""Central Pollution Control Board"",""url"":""https://app.cpcbccr.com/ccr/#/caaqm-dashboard-all/caaqm-landing""}]"
65,"Vile Parle West, Mumbai - MPCB",Mumbai,IN,2020-06-22T16:30:00.000Z,2020-06-22T22:00:00+05:30,pm25,12.92,µg/m³,19.108610000000002,72.83622,"[{""name"":""Central Pollution Control Board"",""url"":""https://app.cpcbccr.com/ccr/#/caaqm-dashboard-all/caaqm-landing""}]"
66,"Vile Parle West, Mumbai - MPCB",Mumbai,IN,2020-06-22T16:15:00.000Z,2020-06-22T21:45:00+05:30,so2,7.55,µg/m³,19.108610000000002,72.83622,"[{""name"":""Central Pollution Control Board"",""url"":""https://app.cpcbccr.com/ccr/#/caaqm-dashboard-all/caaqm-landing""}]"
67,"Vile Parle West, Mumbai - MPCB",Mumbai,IN,2020-06-22T16:15:00.000Z,2020-06-22T21:45:00+05:30,pm10,54.0,µg/m³,19.108610000000002,72.83622,"[{""name"":""Central Pollution Control Board"",""url"":""https://app.cpcbccr.com/ccr/#/caaqm-dashboard-all/caaqm-landing""}]"
68,"Vile Parle West, Mumbai - MPCB",Mumbai,IN,2020-06-22T16:15:00.000Z,2020-06-22T21:45:00+05:30,o3,6.47,µg/m³,19.108610000000002,72.83622,"[{""name"":""Central Pollution Control Board"",""url"":""https://app.cpcbccr.com/ccr/#/caaqm-dashboard-all/caaqm-landing""}]"
69,"Vile Parle West, Mumbai - MPCB",Mumbai,IN,2020-06-22T16:15:00.000Z,2020-06-22T21:45:00+05:30,pm25,16.0,µg/m³,19.108610000000002,72.83622,"[{""name"":""Central Pollution Control Board"",""url"":""https://app.cpcbccr.com/ccr/#/caaqm-dashboard-all/caaqm-landing""}]"
70,"Vile Parle West, Mumbai - MPCB",Mumbai,IN,2020-06-22T16:15:00.000Z,2020-06-22T21:45:00+05:30,co,350.0,µg/m³,19.108610000000002,72.83622,"[{""name"":""Central Pollution Control Board"",""url"":""https://app.cpcbccr.com/ccr/#/caaqm-dashboard-all/caaqm-landing""}]"
71,"Vile Parle West, Mumbai - MPCB",Mumbai,IN,2020-06-22T16:15:00.000Z,2020-06-22T21:45:00+05:30,no2,6.09,µg/m³,19.108610000000002,72.83622,"[{""name"":""Central Pollution Control Board"",""url"":""https://app.cpcbccr.com/ccr/#/caaqm-dashboard-all/caaqm-landing""}]"
72,"Vile Parle West, Mumbai - MPCB",Mumbai,IN,2020-06-22T16:00:00.000Z,2020-06-22T21:30:00+05:30,pm25,16.0,µg/m³,19.108610000000002,72.83622,"[{""name"":""Central Pollution Control Board"",""url"":""https://app.cpcbccr.com/ccr/#/caaqm-dashboard-all/caaqm-landing""}]"
73,"Vile Parle West, Mumbai - MPCB",Mumbai,IN,2020-06-22T16:00:00.000Z,2020-06-22T21:30:00+05:30,pm10,54.0,µg/m³,19.108610000000002,72.83622,"[{""name"":""Central Pollution Control Board"",""url"":""https://app.cpcbccr.com/ccr/#/caaqm-dashboard-all/caaqm-landing""}]"
74,"Vile Parle West, Mumbai - MPCB",Mumbai,IN,2020-06-22T16:00:00.000Z,2020-06-22T21:30:00+05:30,co,440.0,µg/m³,19.108610000000002,72.83622,"[{""name"":""Central Pollution Control Board"",""url"":""https://app.cpcbccr.com/ccr/#/caaqm-dashboard-all/caaqm-landing""}]"
75,"Vile Parle West, Mumbai - MPCB",Mumbai,IN,2020-06-22T16:00:00.000Z,2020-06-22T21:30:00+05:30,no2,10.6,µg/m³,19.108610000000002,72.83622,"[{""name"":""Central Pollution Control Board"",""url"":""https://app.cpcbccr.com/ccr/#/caaqm-dashboard-all/caaqm-landing""}]"
76,"Vile Parle West, Mumbai - MPCB",Mumbai,IN,2020-06-22T16:00:00.000Z,2020-06-22T21:30:00+05:30,so2,6.87,µg/m³,19.108610000000002,72.83622,"[{""name"":""Central Pollution Control Board"",""url"":""https://app.cpcbccr.com/ccr/#/caaqm-dashboard-all/caaqm-landing""}]"
77,"Vile Parle West, Mumbai - MPCB",Mumbai,IN,2020-06-22T16:00:00.000Z,2020-06-22T21:30:00+05:30,o3,5.51,µg/m³,19.108610000000002,72.83622,"[{""name"":""Central Pollution Control Board"",""url"":""https://app.cpcbccr.com/ccr/#/caaqm-dashboard-all/caaqm-landing""}]"
78,"Vile Parle West, Mumbai - MPCB",Mumbai,IN,2020-06-22T15:30:00.000Z,2020-06-22T21:00:00+05:30,co,360.0,µg/m³,19.108610000000002,72.83622,"[{""name"":""Central Pollution Control Board"",""url"":""https://app.cpcbccr.com/ccr/#/caaqm-dashboard-all/caaqm-landing""}]"
79,"Vile Parle West, Mumbai - MPCB",Mumbai,IN,2020-06-22T15:30:00.000Z,2020-06-22T21:00:00+05:30,pm25,16.0,µg/m³,19.108610000000002,72.83622,"[{""name"":""Central Pollution Control Board"",""url"":""https://app.cpcbccr.com/ccr/#/caaqm-dashboard-all/caaqm-landing""}]"
80,"Vile Parle West, Mumbai - MPCB",Mumbai,IN,2020-06-22T15:30:00.000Z,2020-06-22T21:00:00+05:30,so2,6.33,µg/m³,19.108610000000002,72.83622,"[{""name"":""Central Pollution Control Board"",""url"":""https://app.cpcbccr.com/ccr/#/caaqm-dashboard-all/caaqm-landing""}]"
81,"Vile Parle West, Mumbai - MPCB",Mumbai,IN,2020-06-22T15:30:00.000Z,2020-06-22T21:00:00+05:30,no2,5.18,µg/m³,19.108610000000002,72.83622,"[{""name"":""Central Pollution Control Board"",""url"":""https://app.cpcbccr.com/ccr/#/caaqm-dashboard-all/caaqm-landing""}]"
82,"Vile Parle West, Mumbai - MPCB",Mumbai,IN,2020-06-22T15:30:00.000Z,2020-06-22T21:00:00+05:30,o3,6.41,µg/m³,19.108610000000002,72.83622,"[{""name"":""Central Pollution Control Board"",""url"":""https://app.cpcbccr.com/ccr/#/caaqm-dashboard-all/caaqm-landing""}]"
83,"Vile Parle West, Mumbai - MPCB",Mumbai,IN,2020-06-22T15:30:00.000Z,2020-06-22T21:00:00+05:30,pm10,60.5,µg/m³,19.108610000000002,72.83622,"[{""name"":""Central Pollution Control Board"",""url"":""https://app.cpcbccr.com/ccr/#/caaqm-dashboard-all/caaqm-landing""}]"
84,"Vile Parle West, Mumbai - MPCB",Mumbai,IN,2020-06-22T06:30:00.000Z,2020-06-22T12:00:00+05:30,so2,7.78,µg/m³,19.108610000000002,72.83622,"[{""name"":""Central Pollution Control Board"",""url"":""https://app.cpcbccr.com/ccr/#/caaqm-dashboard-all/caaqm-landing""}]"
85,"Vile Parle West, Mumbai - MPCB",Mumbai,IN,2020-06-22T04:30:00.000Z,2020-06-22T10:00:00+05:30,pm10,64.16,µg/m³,19.108610000000002,72.83622,"[{""name"":""Central Pollution Control Board"",""url"":""https://app.cpcbccr.com/ccr/#/caaqm-dashboard-all/caaqm-landing""}]"
86,"Vile Parle West, Mumbai - MPCB",Mumbai,IN,2020-06-22T04:30:00.000Z,2020-06-22T10:00:00+05:30,so2,16.47,µg/m³,19.108610000000002,72.83622,"[{""name"":""Central Pollution Control Board"",""url"":""https://app.cpcbccr.com/ccr/#/caaqm-dashboard-all/caaqm-landing""}]"
87,"Vile Parle West, Mumbai - MPCB",Mumbai,IN,2020-06-22T04:30:00.000Z,2020-06-22T10:00:00+05:30,co,310.0,µg/m³,19.108610000000002,72.83622,"[{""name"":""Central Pollution Control Board"",""url"":""https://app.cpcbccr.com/ccr/#/caaqm-dashboard-all/caaqm-landing""}]"
88,"Vile Parle West, Mumbai - MPCB",Mumbai,IN,2020-06-22T04:30:00.000Z,2020-06-22T10:00:00+05:30,pm25,17.5,µg/m³,19.108610000000002,72.83622,"[{""name"":""Central Pollution Control Board"",""url"":""https://app.cpcbccr.com/ccr/#/caaqm-dashboard-all/caaqm-landing""}]"
89,"Vile Parle West, Mumbai - MPCB",Mumbai,IN,2020-06-22T04:30:00.000Z,2020-06-22T10:00:00+05:30,no2,4.01,µg/m³,19.108610000000002,72.83622,"[{""name"":""Central Pollution Control Board"",""url"":""https://app.cpcbccr.com/ccr/#/caaqm-dashboard-all/caaqm-landing""}]"
90,"Vile Parle West, Mumbai - MPCB",Mumbai,IN,2020-06-22T04:00:00.000Z,2020-06-22T09:30:00+05:30,so2,15.5,µg/m³,19.108610000000002,72.83622,"[{""name"":""Central Pollution Control Board"",""url"":""https://app.cpcbccr.com/ccr/#/caaqm-dashboard-all/caaqm-landing""}]"
91,"Vile Parle West, Mumbai - MPCB",Mumbai,IN,2020-06-22T04:00:00.000Z,2020-06-22T09:30:00+05:30,pm10,57.0,µg/m³,19.108610000000002,72.83622,"[{""name"":""Central Pollution Control Board"",""url"":""https://app.cpcbccr.com/ccr/#/caaqm-dashboard-all/caaqm-landing""}]"
92,"Vile Parle West, Mumbai - MPCB",Mumbai,IN,2020-06-22T04:00:00.000Z,2020-06-22T09:30:00+05:30,no2,0.22,µg/m³,19.108610000000002,72.83622,"[{""name"":""Central Pollution Control Board"",""url"":""https://app.cpcbccr.com/ccr/#/caaqm-dashboard-all/caaqm-landing""}]"
93,"Vile Parle West, Mumbai - MPCB",Mumbai,IN,2020-06-22T04:00:00.000Z,2020-06-22T09:30:00+05:30,pm25,16.0,µg/m³,19.108610000000002,72.83622,"[{""name"":""Central Pollution Control Board"",""url"":""https://app.cpcbccr.com/ccr/#/caaqm-dashboard-all/caaqm-landing""}]"
94,"Vile Parle West, Mumbai - MPCB",Mumbai,IN,2020-06-22T04:00:00.000Z,2020-06-22T09:30:00+05:30,co,300.0,µg/m³,19.108610000000002,72.83622,"[{""name"":""Central Pollution Control Board"",""url"":""https://app.cpcbccr.com/ccr/#/caaqm-dashboard-all/caaqm-landing""}]"
95,"Vile Parle West, Mumbai - MPCB",Mumbai,IN,2020-06-22T03:45:00.000Z,2020-06-22T09:15:00+05:30,pm10,57.0,µg/m³,19.108610000000002,72.83622,"[{""name"":""Central Pollution Control Board"",""url"":""https://app.cpcbccr.com/ccr/#/caaqm-dashboard-all/caaqm-landing""}]"
96,"Vile Parle West, Mumbai - MPCB",Mumbai,IN,2020-06-22T03:45:00.000Z,2020-06-22T09:15:00+05:30,no2,1.32,µg/m³,19.108610000000002,72.83622,"[{""name"":""Central Pollution Control Board"",""url"":""https://app.cpcbccr.com/ccr/#/caaqm-dashboard-all/caaqm-landing""}]"
97,"Vile Parle West, Mumbai - MPCB",Mumbai,IN,2020-06-22T03:45:00.000Z,2020-06-22T09:15:00+05:30,so2,15.63,µg/m³,19.108610000000002,72.83622,"[{""name"":""Central Pollution Control Board"",""url"":""https://app.cpcbccr.com/ccr/#/caaqm-dashboard-all/caaqm-landing""}]"
98,"Vile Parle West, Mumbai - MPCB",Mumbai,IN,2020-06-22T03:45:00.000Z,2020-06-22T09:15:00+05:30,co,290.0,µg/m³,19.108610000000002,72.83622,"[{""name"":""Central Pollution Control Board"",""url"":""https://app.cpcbccr.com/ccr/#/caaqm-dashboard-all/caaqm-landing""}]"
99,"Vile Parle West, Mumbai - MPCB",Mumbai,IN,2020-06-22T03:45:00.000Z,2020-06-22T09:15:00+05:30,pm25,16.0,µg/m³,19.108610000000002,72.83622,"[{""name"":""Central Pollution Control Board"",""url"":""https://app.cpcbccr.com/ccr/#/caaqm-dashboard-all/caaqm-landing""}]"
100,"Vile Parle West, Mumbai - MPCB",Mumbai,IN,2020-06-22T03:00:00.000Z,2020-06-22T08:30:00+05:30,co,570.0,µg/m³,19.108610000000002,72.83622,"[{""name"":""Central Pollution Control Board"",""url"":""https://app.cpcbccr.com/ccr/#/caaqm-dashboard-all/caaqm-landing""}]"
101,"Vile Parle West, Mumbai - MPCB",Mumbai,IN,2020-06-22T03:00:00.000Z,2020-06-22T08:30:00+05:30,pm10,53.0,µg/m³,19.108610000000002,72.83622,"[{""name"":""Central Pollution Control Board"",""url"":""https://app.cpcbccr.com/ccr/#/caaqm-dashboard-all/caaqm-landing""}]"
102,"Vile Parle West, Mumbai - MPCB",Mumbai,IN,2020-06-22T03:00:00.000Z,2020-06-22T08:30:00+05:30,pm25,14.0,µg/m³,19.108610000000002,72.83622,"[{""name"":""Central Pollution Control Board"",""url"":""https://app.cpcbccr.com/ccr/#/caaqm-dashboard-all/caaqm-landing""}]"
103,"Vile Parle West, Mumbai - MPCB",Mumbai,IN,2020-06-22T03:00:00.000Z,2020-06-22T08:30:00+05:30,so2,16.24,µg/m³,19.108610000000002,72.83622,"[{""name"":""Central Pollution Control Board"",""url"":""https://app.cpcbccr.com/ccr/#/caaqm-dashboard-all/caaqm-landing""}]"
104,"Vile Parle West, Mumbai - MPCB",Mumbai,IN,2020-06-22T03:00:00.000Z,2020-06-22T08:30:00+05:30,no2,3.96,µg/m³,19.108610000000002,72.83622,"[{""name"":""Central Pollution Control Board"",""url"":""https://app.cpcbccr.com/ccr/#/caaqm-dashboard-all/caaqm-landing""}]"
